<?xml version="1.0" encoding="UTF-8"?>
<project-private xmlns="http://www.netbeans.org/ns/project-private/1">
    <editor-bookmarks xmlns="http://www.netbeans.org/ns/editor-bookmarks/2" lastBookmarkId="0"/>
    <open-files xmlns="http://www.netbeans.org/ns/projectui-open-files/2">
        <group>
            <file>file:/C:/Users/hp/OneDrive/Documents/NetBeansProjects/atm%20management%20system/src/atm/management/system/FundTransfer.java</file>
            <file>file:/C:/Users/hp/OneDrive/Documents/NetBeansProjects/atm%20management%20system/src/atm/management/system/Transactions.java</file>
            <file>file:/C:/Users/hp/OneDrive/Documents/NetBeansProjects/atm%20management%20system/src/atm/management/system/SelectAction.java</file>
            <file>file:/C:/Users/hp/OneDrive/Documents/NetBeansProjects/atm%20management%20system/src/atm/management/system/Conn.java</file>
            <file>file:/C:/Users/hp/OneDrive/Documents/NetBeansProjects/atm%20management%20system/src/atm/management/system/Deposit.java</file>
            <file>file:/C:/Users/hp/OneDrive/Documents/NetBeansProjects/atm%20management%20system/src/atm/management/system/FastCash.java</file>
            <file>file:/C:/Users/hp/OneDrive/Documents/NetBeansProjects/atm%20management%20system/src/atm/management/system/Signup2.java</file>
            <file>file:/C:/Users/hp/OneDrive/Documents/NetBeansProjects/atm%20management%20system/src/atm/management/system/BalanceEnquiry.java</file>
            <file>file:/C:/Users/hp/OneDrive/Documents/NetBeansProjects/atm%20management%20system/src/atm/management/system/MiniStatement.java</file>
            <file>file:/C:/Users/hp/OneDrive/Documents/NetBeansProjects/atm%20management%20system/src/atm/management/system/Signup1.java</file>
            <file>file:/C:/Users/hp/OneDrive/Documents/NetBeansProjects/atm%20management%20system/src/atm/management/system/Signup3.java</file>
            <file>file:/C:/Users/hp/OneDrive/Documents/NetBeansProjects/atm%20management%20system/src/atm/management/system/Login.java</file>
            <file>file:/C:/Users/hp/OneDrive/Documents/NetBeansProjects/atm%20management%20system/src/atm/management/system/Withdrawl.java</file>
        </group>
    </open-files>
</project-private>
